"","model","par","est","se","year"
"1","TMB-Mod1-RE","Espawnbio",0.125878638266707,NA,1970
"2","TMB-Mod1-RE","Espawnbio",0.120130169245197,NA,1971
"3","TMB-Mod1-RE","Espawnbio",0.111009459933911,NA,1972
"4","TMB-Mod1-RE","Espawnbio",0.0955686947624117,NA,1973
"5","TMB-Mod1-RE","Espawnbio",0.0880366385512213,NA,1974
"6","TMB-Mod1-RE","Espawnbio",0.0937158242977606,NA,1975
"7","TMB-Mod1-RE","Espawnbio",0.125174205618494,NA,1976
"8","TMB-Mod1-RE","Espawnbio",0.14112436306116,NA,1977
"9","TMB-Mod1-RE","Espawnbio",0.12967063842718,NA,1978
"10","TMB-Mod1-RE","Espawnbio",0.137642122261874,NA,1979
"11","TMB-Mod1-RE","Espawnbio",0.190392328153073,NA,1980
"12","TMB-Mod1-RE","Espawnbio",0.210863996593601,NA,1981
"13","TMB-Mod1-RE","Espawnbio",0.342838792561874,NA,1982
"14","TMB-Mod1-RE","Espawnbio",0.478304616340393,NA,1983
"15","TMB-Mod1-RE","Espawnbio",0.529432797466478,NA,1984
"16","TMB-Mod1-RE","Espawnbio",0.479796942386973,NA,1985
"17","TMB-Mod1-RE","Espawnbio",0.438634590747477,NA,1986
"18","TMB-Mod1-RE","Espawnbio",0.411542105699348,NA,1987
"19","TMB-Mod1-RE","Espawnbio",0.415889453624436,NA,1988
"20","TMB-Mod1-RE","Espawnbio",0.43110738026846,NA,1989
"21","TMB-Mod1-RE","Espawnbio",0.441418938869328,NA,1990
"22","TMB-Mod1-RE","Espawnbio",0.433091707917627,NA,1991
"23","TMB-Mod1-RE","Espawnbio",0.392452823095455,NA,1992
"24","TMB-Mod1-RE","Espawnbio",0.424783537059342,NA,1993
"25","TMB-Mod1-RE","Espawnbio",0.499500423429971,NA,1994
"26","TMB-Mod1-RE","Espawnbio",0.415972553654686,NA,1995
"27","TMB-Mod1-RE","Espawnbio",0.383404828192099,NA,1996
"28","TMB-Mod1-RE","Espawnbio",0.339678758064966,NA,1997
"29","TMB-Mod1-RE","Espawnbio",0.263516975136668,NA,1998
"30","TMB-Mod1-RE","Espawnbio",0.246294825359966,NA,1999
"31","TMB-Mod1-RE","Espawnbio",0.233904951726879,NA,2000
"32","TMB-Mod1-RE","Espawnbio",0.219629204154676,NA,2001
"33","TMB-Mod1-RE","Espawnbio",0.185534639957884,NA,2002
"34","TMB-Mod1-RE","Espawnbio",0.172027085291518,NA,2003
"35","TMB-Mod1-RE","Espawnbio",0.188189228710874,NA,2004
"36","TMB-Mod1-RE","Espawnbio",0.227973175012818,NA,2005
"37","TMB-Mod1-RE","Espawnbio",0.244690506315213,NA,2006
"38","TMB-Mod1-RE","Espawnbio",0.217405806594865,NA,2007
"39","TMB-Mod1-RE","Espawnbio",0.21746148639531,NA,2008
"40","TMB-Mod1-RE","Espawnbio",0.216344900542183,NA,2009
"41","TMB-Mod1-RE","Espawnbio",0.298266449152012,NA,2010
"42","TMB-Mod1-RE","Espawnbio",0.34975249112497,NA,2011
"43","TMB-Mod1-RE","Espawnbio",0.373630452559453,NA,2012
"44","TMB-Mod1-RE","Espawnbio",0.403575994739922,NA,2013
"45","TMB-Mod1-RE","Espawnbio",0.311022264304915,NA,2014
"46","TMB-Mod1-RE","Espawnbio",0.290245911637877,NA,2015
"47","TMB-Mod1-RE","Espawnbio",0.310022548678938,NA,2016
"48","TMB-Mod1-RE","Espawnbio",0.42124992910607,NA,2017
"49","TMB-Mod1-RE","Espawnbio",0.4095828986364,NA,2018
"50","TMB-Mod1-RE","Espawnbio",0.328051550229151,NA,2019
"51","TMB-Mod1-RE","Espawnbio",0.239905725880137,NA,2020
"52","TMB-Mod1-RE","Espawnbio",0.253279877350383,NA,2021
"53","TMB-Mod1-RE","Espawnbio",0.245675319874888,NA,2022
"54","TMB-Mod2-Log-AR1-Age","Espawnbio",0.125868403292444,8.95670741609367e-06,1970
"55","TMB-Mod2-Log-AR1-Age","Espawnbio",0.120090843249171,4.05298405029837e-05,1971
"56","TMB-Mod2-Log-AR1-Age","Espawnbio",0.1107421357883,9.71407569993097e-05,1972
"57","TMB-Mod2-Log-AR1-Age","Espawnbio",0.0939879179075318,0.0002307454586478,1973
"58","TMB-Mod2-Log-AR1-Age","Espawnbio",0.0854258060103048,0.000350114517242737,1974
"59","TMB-Mod2-Log-AR1-Age","Espawnbio",0.091792494726913,0.000428150874832143,1975
"60","TMB-Mod2-Log-AR1-Age","Espawnbio",0.122412877547235,0.000483325251343547,1976
"61","TMB-Mod2-Log-AR1-Age","Espawnbio",0.138997542283661,0.000669996377352515,1977
"62","TMB-Mod2-Log-AR1-Age","Espawnbio",0.12835912721396,0.000693647855894827,1978
"63","TMB-Mod2-Log-AR1-Age","Espawnbio",0.136210890546834,0.000635033096765795,1979
"64","TMB-Mod2-Log-AR1-Age","Espawnbio",0.189468982853455,0.000793203636950855,1980
"65","TMB-Mod2-Log-AR1-Age","Espawnbio",0.207789216693747,0.000800222647833412,1981
"66","TMB-Mod2-Log-AR1-Age","Espawnbio",0.336260144357736,0.0011338906934671,1982
"67","TMB-Mod2-Log-AR1-Age","Espawnbio",0.470410355618715,0.00152117327952791,1983
"68","TMB-Mod2-Log-AR1-Age","Espawnbio",0.525691582885084,0.00178791000564319,1984
"69","TMB-Mod2-Log-AR1-Age","Espawnbio",0.481070912560198,0.00174429047295212,1985
"70","TMB-Mod2-Log-AR1-Age","Espawnbio",0.4371887824955,0.00172590398726542,1986
"71","TMB-Mod2-Log-AR1-Age","Espawnbio",0.409281708886856,0.00151988208225022,1987
"72","TMB-Mod2-Log-AR1-Age","Espawnbio",0.412476106261691,0.00140221911759171,1988
"73","TMB-Mod2-Log-AR1-Age","Espawnbio",0.426875508124497,0.00122413042430682,1989
"74","TMB-Mod2-Log-AR1-Age","Espawnbio",0.437090767404847,0.00118277131336385,1990
"75","TMB-Mod2-Log-AR1-Age","Espawnbio",0.428437643763902,0.00119048967873855,1991
"76","TMB-Mod2-Log-AR1-Age","Espawnbio",0.385620405040223,0.00105679178593052,1992
"77","TMB-Mod2-Log-AR1-Age","Espawnbio",0.408084644570387,0.00116129251940358,1993
"78","TMB-Mod2-Log-AR1-Age","Espawnbio",0.469803213214362,0.00140819633173373,1994
"79","TMB-Mod2-Log-AR1-Age","Espawnbio",0.388306058899347,0.00129928851081679,1995
"80","TMB-Mod2-Log-AR1-Age","Espawnbio",0.357435495329458,0.00119816086929081,1996
"81","TMB-Mod2-Log-AR1-Age","Espawnbio",0.31656519009877,0.00109345224942994,1997
"82","TMB-Mod2-Log-AR1-Age","Espawnbio",0.244832475611282,0.00106889175398165,1998
"83","TMB-Mod2-Log-AR1-Age","Espawnbio",0.22499078333634,0.00139661633317725,1999
"84","TMB-Mod2-Log-AR1-Age","Espawnbio",0.211457332815476,0.00154970131230337,2000
"85","TMB-Mod2-Log-AR1-Age","Espawnbio",0.197484723506868,0.00158600327907122,2001
"86","TMB-Mod2-Log-AR1-Age","Espawnbio",0.167938018289917,0.0013996188344036,2002
"87","TMB-Mod2-Log-AR1-Age","Espawnbio",0.158145169084768,0.0010612681425421,2003
"88","TMB-Mod2-Log-AR1-Age","Espawnbio",0.18065352969778,0.000769547653846457,2004
"89","TMB-Mod2-Log-AR1-Age","Espawnbio",0.224385325377468,0.000941333563628613,2005
"90","TMB-Mod2-Log-AR1-Age","Espawnbio",0.245617637677575,0.000944213562008081,2006
"91","TMB-Mod2-Log-AR1-Age","Espawnbio",0.220102585642858,0.000840696837965563,2007
"92","TMB-Mod2-Log-AR1-Age","Espawnbio",0.221962216600075,0.000776560011087556,2008
"93","TMB-Mod2-Log-AR1-Age","Espawnbio",0.221821289858639,0.000675393651690525,2009
"94","TMB-Mod2-Log-AR1-Age","Espawnbio",0.308314599377596,0.000705826330406518,2010
"95","TMB-Mod2-Log-AR1-Age","Espawnbio",0.363261855248924,0.000726367315501254,2011
"96","TMB-Mod2-Log-AR1-Age","Espawnbio",0.389403276170105,0.000763345794380326,2012
"97","TMB-Mod2-Log-AR1-Age","Espawnbio",0.420994697263102,0.000889443981311211,2013
"98","TMB-Mod2-Log-AR1-Age","Espawnbio",0.322902051810258,0.000678576406856697,2014
"99","TMB-Mod2-Log-AR1-Age","Espawnbio",0.296985061836656,0.000716017675597296,2015
"100","TMB-Mod2-Log-AR1-Age","Espawnbio",0.309811690057886,0.000689406016521275,2016
"101","TMB-Mod2-Log-AR1-Age","Espawnbio",0.420575387365707,0.00126873762258401,2017
"102","TMB-Mod2-Log-AR1-Age","Espawnbio",0.408956466314682,0.00144582951619456,2018
"103","TMB-Mod2-Log-AR1-Age","Espawnbio",0.326607933191229,0.00120428255232481,2019
"104","TMB-Mod2-Log-AR1-Age","Espawnbio",0.23855681432424,0.000858937240740219,2020
"105","TMB-Mod2-Log-AR1-Age","Espawnbio",0.253940422698443,0.000826617099545686,2021
"106","TMB-Mod2-Log-AR1-Age","Espawnbio",0.249169449438652,0.000842340615204895,2022
"107","TMB-Mod3-Log-AR1-Yr","Espawnbio",0.125868404035717,NA,1970
"108","TMB-Mod3-Log-AR1-Yr","Espawnbio",0.120090846673927,NA,1971
"109","TMB-Mod3-Log-AR1-Yr","Espawnbio",0.110742144020339,NA,1972
"110","TMB-Mod3-Log-AR1-Yr","Espawnbio",0.0939879375016693,NA,1973
"111","TMB-Mod3-Log-AR1-Yr","Espawnbio",0.0854258360411283,NA,1974
"112","TMB-Mod3-Log-AR1-Yr","Espawnbio",0.0917925310219686,NA,1975
"113","TMB-Mod3-Log-AR1-Yr","Espawnbio",0.12241291349493,NA,1976
"114","TMB-Mod3-Log-AR1-Yr","Espawnbio",0.138997578693469,NA,1977
"115","TMB-Mod3-Log-AR1-Yr","Espawnbio",0.128359161735195,NA,1978
"116","TMB-Mod3-Log-AR1-Yr","Espawnbio",0.136210920976859,NA,1979
"117","TMB-Mod3-Log-AR1-Yr","Espawnbio",0.189469009782365,NA,1980
"118","TMB-Mod3-Log-AR1-Yr","Espawnbio",0.207789235335066,NA,1981
"119","TMB-Mod3-Log-AR1-Yr","Espawnbio",0.336260165402609,NA,1982
"120","TMB-Mod3-Log-AR1-Yr","Espawnbio",0.470410381234784,NA,1983
"121","TMB-Mod3-Log-AR1-Yr","Espawnbio",0.525691609194706,NA,1984
"122","TMB-Mod3-Log-AR1-Yr","Espawnbio",0.481070943621271,NA,1985
"123","TMB-Mod3-Log-AR1-Yr","Espawnbio",0.437188816489349,NA,1986
"124","TMB-Mod3-Log-AR1-Yr","Espawnbio",0.409281744308754,NA,1987
"125","TMB-Mod3-Log-AR1-Yr","Espawnbio",0.412476145328639,NA,1988
"126","TMB-Mod3-Log-AR1-Yr","Espawnbio",0.426875551651842,NA,1989
"127","TMB-Mod3-Log-AR1-Yr","Espawnbio",0.43709082494091,NA,1990
"128","TMB-Mod3-Log-AR1-Yr","Espawnbio",0.42843771820092,NA,1991
"129","TMB-Mod3-Log-AR1-Yr","Espawnbio",0.385620480231688,NA,1992
"130","TMB-Mod3-Log-AR1-Yr","Espawnbio",0.408084727282481,NA,1993
"131","TMB-Mod3-Log-AR1-Yr","Espawnbio",0.469803307300784,NA,1994
"132","TMB-Mod3-Log-AR1-Yr","Espawnbio",0.38830615234572,NA,1995
"133","TMB-Mod3-Log-AR1-Yr","Espawnbio",0.357435582636703,NA,1996
"134","TMB-Mod3-Log-AR1-Yr","Espawnbio",0.316565272716577,NA,1997
"135","TMB-Mod3-Log-AR1-Yr","Espawnbio",0.244832562870308,NA,1998
"136","TMB-Mod3-Log-AR1-Yr","Espawnbio",0.224990900241749,NA,1999
"137","TMB-Mod3-Log-AR1-Yr","Espawnbio",0.211457463626488,NA,2000
"138","TMB-Mod3-Log-AR1-Yr","Espawnbio",0.197484858199808,NA,2001
"139","TMB-Mod3-Log-AR1-Yr","Espawnbio",0.167938138181196,NA,2002
"140","TMB-Mod3-Log-AR1-Yr","Espawnbio",0.158145258732837,NA,2003
"141","TMB-Mod3-Log-AR1-Yr","Espawnbio",0.180653591219489,NA,2004
"142","TMB-Mod3-Log-AR1-Yr","Espawnbio",0.224385400769633,NA,2005
"143","TMB-Mod3-Log-AR1-Yr","Espawnbio",0.245617708858421,NA,2006
"144","TMB-Mod3-Log-AR1-Yr","Espawnbio",0.220102648942686,NA,2007
"145","TMB-Mod3-Log-AR1-Yr","Espawnbio",0.221962273634697,NA,2008
"146","TMB-Mod3-Log-AR1-Yr","Espawnbio",0.221821339028235,NA,2009
"147","TMB-Mod3-Log-AR1-Yr","Espawnbio",0.308314648091818,NA,2010
"148","TMB-Mod3-Log-AR1-Yr","Espawnbio",0.363261902827257,NA,2011
"149","TMB-Mod3-Log-AR1-Yr","Espawnbio",0.389403320901347,NA,2012
"150","TMB-Mod3-Log-AR1-Yr","Espawnbio",0.420994748335822,NA,2013
"151","TMB-Mod3-Log-AR1-Yr","Espawnbio",0.322902088616331,NA,2014
"152","TMB-Mod3-Log-AR1-Yr","Espawnbio",0.296985103028532,NA,2015
"153","TMB-Mod3-Log-AR1-Yr","Espawnbio",0.309811726187062,NA,2016
"154","TMB-Mod3-Log-AR1-Yr","Espawnbio",0.420575433789867,NA,2017
"155","TMB-Mod3-Log-AR1-Yr","Espawnbio",0.408956517467376,NA,2018
"156","TMB-Mod3-Log-AR1-Yr","Espawnbio",0.326607974703195,NA,2019
"157","TMB-Mod3-Log-AR1-Yr","Espawnbio",0.238556846672502,NA,2020
"158","TMB-Mod3-Log-AR1-Yr","Espawnbio",0.253940459412479,NA,2021
"159","TMB-Mod3-Log-AR1-Yr","Espawnbio",0.249169493484556,NA,2022
"160","TMB-Mod4-Log-2D-AR1","Espawnbio",0.125885656557434,4.62269142055238e-05,1970
"161","TMB-Mod4-Log-2D-AR1","Espawnbio",0.120171156416414,0.000178015221347646,1971
"162","TMB-Mod4-Log-2D-AR1","Espawnbio",0.110926998441373,0.000342156229804504,1972
"163","TMB-Mod4-Log-2D-AR1","Espawnbio",0.0944756199213406,0.000813414410013126,1973
"164","TMB-Mod4-Log-2D-AR1","Espawnbio",0.0863585876432848,0.00117233994492791,1974
"165","TMB-Mod4-Log-2D-AR1","Espawnbio",0.0933014113144852,0.00132689748453589,1975
"166","TMB-Mod4-Log-2D-AR1","Espawnbio",0.124539515205504,0.00136328700528692,1976
"167","TMB-Mod4-Log-2D-AR1","Espawnbio",0.141139311271246,0.00194122050300904,1977
"168","TMB-Mod4-Log-2D-AR1","Espawnbio",0.130073562146535,0.00264654305220536,1978
"169","TMB-Mod4-Log-2D-AR1","Espawnbio",0.138156743913015,0.00260002908648156,1979
"170","TMB-Mod4-Log-2D-AR1","Espawnbio",0.192721483314842,0.00252928579637863,1980
"171","TMB-Mod4-Log-2D-AR1","Espawnbio",0.212647103745876,0.00229454677120795,1981
"172","TMB-Mod4-Log-2D-AR1","Espawnbio",0.344377588269494,0.00275507218180134,1982
"173","TMB-Mod4-Log-2D-AR1","Espawnbio",0.477872850284276,0.00339033175082435,1983
"174","TMB-Mod4-Log-2D-AR1","Espawnbio",0.529470783161518,0.00489747225796233,1984
"175","TMB-Mod4-Log-2D-AR1","Espawnbio",0.482304112903471,0.00641778906204285,1985
"176","TMB-Mod4-Log-2D-AR1","Espawnbio",0.440548862940979,0.0071498613355914,1986
"177","TMB-Mod4-Log-2D-AR1","Espawnbio",0.412972667266776,0.00657194180630162,1987
"178","TMB-Mod4-Log-2D-AR1","Espawnbio",0.416643073578748,0.0060389127958855,1988
"179","TMB-Mod4-Log-2D-AR1","Espawnbio",0.431314992114092,0.00474165085299712,1989
"180","TMB-Mod4-Log-2D-AR1","Espawnbio",0.442735801256362,0.00426047158093474,1990
"181","TMB-Mod4-Log-2D-AR1","Espawnbio",0.435531973754618,0.00409741690244726,1991
"182","TMB-Mod4-Log-2D-AR1","Espawnbio",0.39485105193926,0.00338624178219668,1992
"183","TMB-Mod4-Log-2D-AR1","Espawnbio",0.425009690232171,0.00327321712623002,1993
"184","TMB-Mod4-Log-2D-AR1","Espawnbio",0.498121477742391,0.0036974107287766,1994
"185","TMB-Mod4-Log-2D-AR1","Espawnbio",0.414556583725801,0.00329351054291636,1995
"186","TMB-Mod4-Log-2D-AR1","Espawnbio",0.382416660651436,0.00308376745518758,1996
"187","TMB-Mod4-Log-2D-AR1","Espawnbio",0.338819582376044,0.00287819107653208,1997
"188","TMB-Mod4-Log-2D-AR1","Espawnbio",0.2620095342295,0.00285897299865173,1998
"189","TMB-Mod4-Log-2D-AR1","Espawnbio",0.243224705761244,0.00321730741443495,1999
"190","TMB-Mod4-Log-2D-AR1","Espawnbio",0.231583897818793,0.00322689034679948,2000
"191","TMB-Mod4-Log-2D-AR1","Espawnbio",0.217813934244464,0.00329780774766088,2001
"192","TMB-Mod4-Log-2D-AR1","Espawnbio",0.183677356746133,0.00287320700467405,2002
"193","TMB-Mod4-Log-2D-AR1","Espawnbio",0.171066041396979,0.0025977612110248,2003
"194","TMB-Mod4-Log-2D-AR1","Espawnbio",0.187378928404555,0.00198952932506939,2004
"195","TMB-Mod4-Log-2D-AR1","Espawnbio",0.227315354667599,0.00218906998660275,2005
"196","TMB-Mod4-Log-2D-AR1","Espawnbio",0.243566455009294,0.00266957414608356,2006
"197","TMB-Mod4-Log-2D-AR1","Espawnbio",0.215892882612456,0.00275094456216287,2007
"198","TMB-Mod4-Log-2D-AR1","Espawnbio",0.215812067719375,0.00282728915335002,2008
"199","TMB-Mod4-Log-2D-AR1","Espawnbio",0.215015773201099,0.00257287866825285,2009
"200","TMB-Mod4-Log-2D-AR1","Espawnbio",0.29721438812756,0.00232597216740372,2010
"201","TMB-Mod4-Log-2D-AR1","Espawnbio",0.348602592459979,0.00215314359503656,2011
"202","TMB-Mod4-Log-2D-AR1","Espawnbio",0.372908339784987,0.00231765557784308,2012
"203","TMB-Mod4-Log-2D-AR1","Espawnbio",0.403959571412773,0.00293514439526863,2013
"204","TMB-Mod4-Log-2D-AR1","Espawnbio",0.312181623275803,0.00263565890006697,2014
"205","TMB-Mod4-Log-2D-AR1","Espawnbio",0.292982002436419,0.00307329085235217,2015
"206","TMB-Mod4-Log-2D-AR1","Espawnbio",0.31203761984899,0.00249453306528641,2016
"207","TMB-Mod4-Log-2D-AR1","Espawnbio",0.422807794797009,0.0031662758586147,2017
"208","TMB-Mod4-Log-2D-AR1","Espawnbio",0.408824353410975,0.00409883671443309,2018
"209","TMB-Mod4-Log-2D-AR1","Espawnbio",0.325265863764808,0.00438981234141657,2019
"210","TMB-Mod4-Log-2D-AR1","Espawnbio",0.237397424653975,0.00340722551973252,2020
"211","TMB-Mod4-Log-2D-AR1","Espawnbio",0.250639657104564,0.00398263032999564,2021
"212","TMB-Mod4-Log-2D-AR1","Espawnbio",0.242962706245697,0.00385894427753931,2022
"213","TMB-Mod5-AR1-Age","Espawnbio",0.12586754464302,0.000751327902013415,1970
"214","TMB-Mod5-AR1-Age","Espawnbio",0.120091271608739,0.00382861534059008,1971
"215","TMB-Mod5-AR1-Age","Espawnbio",0.110739888057679,0.00849256770391604,1972
"216","TMB-Mod5-AR1-Age","Espawnbio",0.0939794564136144,0.0162618092282363,1973
"217","TMB-Mod5-AR1-Age","Espawnbio",0.0854048467981132,0.0173380633374278,1974
"218","TMB-Mod5-AR1-Age","Espawnbio",0.0918102401037161,0.00978761020531449,1975
"219","TMB-Mod5-AR1-Age","Espawnbio",0.12243558504198,0.000487681710381303,1976
"220","TMB-Mod5-AR1-Age","Espawnbio",0.139247296793143,0.0123084509044542,1977
"221","TMB-Mod5-AR1-Age","Espawnbio",0.128583886551406,0.01018356454481,1978
"222","TMB-Mod5-AR1-Age","Espawnbio",0.136267722902421,0.00314665745356201,1979
"223","TMB-Mod5-AR1-Age","Espawnbio",0.189575340286132,0.00217151819320972,1980
"224","TMB-Mod5-AR1-Age","Espawnbio",0.207929200868363,0.0166702496367488,1981
"225","TMB-Mod5-AR1-Age","Espawnbio",0.336445164100728,0.00707279887175229,1982
"226","TMB-Mod5-AR1-Age","Espawnbio",0.470777781254952,0.00413413538207067,1983
"227","TMB-Mod5-AR1-Age","Espawnbio",0.526127621175032,0.022821612425593,1984
"228","TMB-Mod5-AR1-Age","Espawnbio",0.481368769535663,0.103716120574098,1985
"229","TMB-Mod5-AR1-Age","Espawnbio",0.437527564297486,0.175413492152448,1986
"230","TMB-Mod5-AR1-Age","Espawnbio",0.409512765935715,0.213247044289824,1987
"231","TMB-Mod5-AR1-Age","Espawnbio",0.412688310826461,0.217099701668988,1988
"232","TMB-Mod5-AR1-Age","Espawnbio",0.427062562043169,0.16562748397501,1989
"233","TMB-Mod5-AR1-Age","Espawnbio",0.437253841907375,0.149504165698092,1990
"234","TMB-Mod5-AR1-Age","Espawnbio",0.428525189441354,0.142699982457518,1991
"235","TMB-Mod5-AR1-Age","Espawnbio",0.38564243433991,0.128555601573651,1992
"236","TMB-Mod5-AR1-Age","Espawnbio",0.408184059471778,0.164715655742562,1993
"237","TMB-Mod5-AR1-Age","Espawnbio",0.470032668171321,0.166253182555005,1994
"238","TMB-Mod5-AR1-Age","Espawnbio",0.388463273208078,0.100963803513423,1995
"239","TMB-Mod5-AR1-Age","Espawnbio",0.357552217368387,0.0817104518978533,1996
"240","TMB-Mod5-AR1-Age","Espawnbio",0.316634782960481,0.112940022825822,1997
"241","TMB-Mod5-AR1-Age","Espawnbio",0.244817241141053,0.15604363173135,1998
"242","TMB-Mod5-AR1-Age","Espawnbio",0.225079412949079,0.133734269712854,1999
"243","TMB-Mod5-AR1-Age","Espawnbio",0.211593371237282,0.0816172187920242,2000
"244","TMB-Mod5-AR1-Age","Espawnbio",0.197587375001957,0.0483107996014697,2001
"245","TMB-Mod5-AR1-Age","Espawnbio",0.167985506241488,0.0325246953844332,2002
"246","TMB-Mod5-AR1-Age","Espawnbio",0.158194223902862,0.043456601605867,2003
"247","TMB-Mod5-AR1-Age","Espawnbio",0.180706447739936,0.0326250643333753,2004
"248","TMB-Mod5-AR1-Age","Espawnbio",0.224509284032666,0.0306027058187928,2005
"249","TMB-Mod5-AR1-Age","Espawnbio",0.245731079831202,0.0227600452490622,2006
"250","TMB-Mod5-AR1-Age","Espawnbio",0.220146499853902,0.0316322289079795,2007
"251","TMB-Mod5-AR1-Age","Espawnbio",0.221992612512922,0.0678281269983834,2008
"252","TMB-Mod5-AR1-Age","Espawnbio",0.221827708383493,0.0995776042533126,2009
"253","TMB-Mod5-AR1-Age","Espawnbio",0.308353497549188,0.0826355561676333,2010
"254","TMB-Mod5-AR1-Age","Espawnbio",0.36335243369876,0.044656619559553,2011
"255","TMB-Mod5-AR1-Age","Espawnbio",0.389550779992846,0.0221342171259761,2012
"256","TMB-Mod5-AR1-Age","Espawnbio",0.421162365345746,0.0306889329000518,2013
"257","TMB-Mod5-AR1-Age","Espawnbio",0.322975213283228,0.0718361274652705,2014
"258","TMB-Mod5-AR1-Age","Espawnbio",0.297118645339952,0.140459587860371,2015
"259","TMB-Mod5-AR1-Age","Espawnbio",0.309633980879442,0.108094742088791,2016
"260","TMB-Mod5-AR1-Age","Espawnbio",0.420754475077733,0.0809636462581555,2017
"261","TMB-Mod5-AR1-Age","Espawnbio",0.40915668099704,0.0506687877424644,2018
"262","TMB-Mod5-AR1-Age","Espawnbio",0.326552817316635,0.0287853676953337,2019
"263","TMB-Mod5-AR1-Age","Espawnbio",0.238477385191718,0.0638082797386909,2020
"264","TMB-Mod5-AR1-Age","Espawnbio",0.253813011334718,0.231517980418467,2021
"265","TMB-Mod5-AR1-Age","Espawnbio",0.249153368111396,0.245555685321339,2022
"266","TMB-Mod6-AR1-Yr","Espawnbio",0.125594467305918,2.32391578209215e-16,1970
"267","TMB-Mod6-AR1-Yr","Espawnbio",0.11849492050979,1.30984344081563e-14,1971
"268","TMB-Mod6-AR1-Yr","Espawnbio",0.106765046500652,8.11257873021878e-15,1972
"269","TMB-Mod6-AR1-Yr","Espawnbio",0.0843504648450862,3.51545078309221e-14,1973
"270","TMB-Mod6-AR1-Yr","Espawnbio",0.0668752363020279,3.65066042859619e-14,1974
"271","TMB-Mod6-AR1-Yr","Espawnbio",0.0584812509186121,1.21688680953717e-14,1975
"272","TMB-Mod6-AR1-Yr","Espawnbio",0.0648960712821546,3.92107971961389e-14,1976
"273","TMB-Mod6-AR1-Yr","Espawnbio",0.064651230244041,1.29801259683458e-13,1977
"274","TMB-Mod6-AR1-Yr","Espawnbio",0.0564254406570669,2.83940255557419e-13,1978
"275","TMB-Mod6-AR1-Yr","Espawnbio",0.0575642327950322,2.50137844182903e-14,1979
"276","TMB-Mod6-AR1-Yr","Espawnbio",0.0786216637681864,1.93180781013194e-13,1980
"277","TMB-Mod6-AR1-Yr","Espawnbio",0.090340725377957,1.80673888804201e-13,1981
"278","TMB-Mod6-AR1-Yr","Espawnbio",0.156785760613923,1.59462875665802e-13,1982
"279","TMB-Mod6-AR1-Yr","Espawnbio",0.235476125320895,6.67808889744797e-13,1983
"280","TMB-Mod6-AR1-Yr","Espawnbio",0.275956691348683,7.30913766482166e-13,1984
"281","TMB-Mod6-AR1-Yr","Espawnbio",0.258323559770508,5.76648011565519e-13,1985
"282","TMB-Mod6-AR1-Yr","Espawnbio",0.237118944324278,6.69646895863453e-13,1986
"283","TMB-Mod6-AR1-Yr","Espawnbio",0.223300431230484,5.83302861306139e-14,1987
"284","TMB-Mod6-AR1-Yr","Espawnbio",0.229431906647395,2.3929994603421e-13,1988
"285","TMB-Mod6-AR1-Yr","Espawnbio",0.246575014137744,8.62278387694328e-14,1989
"286","TMB-Mod6-AR1-Yr","Espawnbio",0.259232538793372,1.01482761390565e-12,1990
"287","TMB-Mod6-AR1-Yr","Espawnbio",0.25966481088466,6.46365485029392e-14,1991
"288","TMB-Mod6-AR1-Yr","Espawnbio",0.243572870578322,1.90946652886517e-13,1992
"289","TMB-Mod6-AR1-Yr","Espawnbio",0.265050050971074,4.3064404133549e-13,1993
"290","TMB-Mod6-AR1-Yr","Espawnbio",0.30778646943082,1.10157767352246e-12,1994
"291","TMB-Mod6-AR1-Yr","Espawnbio",0.250473551341103,5.80582823516157e-14,1995
"292","TMB-Mod6-AR1-Yr","Espawnbio",0.230312938328908,3.04730058961778e-14,1996
"293","TMB-Mod6-AR1-Yr","Espawnbio",0.203695905256222,2.41992585390548e-14,1997
"294","TMB-Mod6-AR1-Yr","Espawnbio",0.153894481841124,2.00730701440804e-13,1998
"295","TMB-Mod6-AR1-Yr","Espawnbio",0.132926852441789,1.78825567008254e-13,1999
"296","TMB-Mod6-AR1-Yr","Espawnbio",0.117598703482032,2.67263931634684e-13,2000
"297","TMB-Mod6-AR1-Yr","Espawnbio",0.105659928917404,1.24941894840518e-13,2001
"298","TMB-Mod6-AR1-Yr","Espawnbio",0.0865550670344324,3.85862035670051e-14,2002
"299","TMB-Mod6-AR1-Yr","Espawnbio",0.0836364403035431,3.55836606379669e-14,2003
"300","TMB-Mod6-AR1-Yr","Espawnbio",0.100785946587438,4.95680776223794e-14,2004
"301","TMB-Mod6-AR1-Yr","Espawnbio",0.12881807986103,2.17518702886007e-13,2005
"302","TMB-Mod6-AR1-Yr","Espawnbio",0.143022914256945,3.4672380410472e-13,2006
"303","TMB-Mod6-AR1-Yr","Espawnbio",0.1293976049807,1.45820335700598e-13,2007
"304","TMB-Mod6-AR1-Yr","Espawnbio",0.133838050146163,6.90906645420088e-14,2008
"305","TMB-Mod6-AR1-Yr","Espawnbio",0.138474841042907,1.1961609504343e-13,2009
"306","TMB-Mod6-AR1-Yr","Espawnbio",0.204760074548656,2.47419808921994e-13,2010
"307","TMB-Mod6-AR1-Yr","Espawnbio",0.252726409141125,3.83906367645479e-13,2011
"308","TMB-Mod6-AR1-Yr","Espawnbio",0.279450882986344,3.22724582022512e-13,2012
"309","TMB-Mod6-AR1-Yr","Espawnbio",0.305488665756303,2.84975862528695e-14,2013
"310","TMB-Mod6-AR1-Yr","Espawnbio",0.236224622496789,3.1503682254779e-13,2014
"311","TMB-Mod6-AR1-Yr","Espawnbio",0.211078613446745,4.86051871909553e-13,2015
"312","TMB-Mod6-AR1-Yr","Espawnbio",0.199023668114373,5.09405132202704e-13,2016
"313","TMB-Mod6-AR1-Yr","Espawnbio",0.253148555249792,7.47143069918016e-13,2017
"314","TMB-Mod6-AR1-Yr","Espawnbio",0.238568525898496,1.39828165191694e-13,2018
"315","TMB-Mod6-AR1-Yr","Espawnbio",0.187549965531423,7.56454600744137e-13,2019
"316","TMB-Mod6-AR1-Yr","Espawnbio",0.136414901189052,4.29007083244285e-13,2020
"317","TMB-Mod6-AR1-Yr","Espawnbio",0.145969464382355,9.91311782599333e-15,2021
"318","TMB-Mod6-AR1-Yr","Espawnbio",0.141319805760289,4.5699587751595e-14,2022
"319","TMB-Mod7-2D-AR1","Espawnbio",0.125867710210896,5.62770998741379e-05,1970
"320","TMB-Mod7-2D-AR1","Espawnbio",0.120115484537054,0.000197460630200699,1971
"321","TMB-Mod7-2D-AR1","Espawnbio",0.110806635320207,0.000383959620960866,1972
"322","TMB-Mod7-2D-AR1","Espawnbio",0.094175870032532,0.000897490123190667,1973
"323","TMB-Mod7-2D-AR1","Espawnbio",0.085912849014679,0.00129494087372272,1974
"324","TMB-Mod7-2D-AR1","Espawnbio",0.092847271769506,0.00140367674161453,1975
"325","TMB-Mod7-2D-AR1","Espawnbio",0.124217571028976,0.0013813921606244,1976
"326","TMB-Mod7-2D-AR1","Espawnbio",0.140934833238137,0.00196462859323492,1977
"327","TMB-Mod7-2D-AR1","Espawnbio",0.129793362210757,0.00269135378568145,1978
"328","TMB-Mod7-2D-AR1","Espawnbio",0.137873305284256,0.00266261292519603,1979
"329","TMB-Mod7-2D-AR1","Espawnbio",0.192620592351925,0.00255950955234731,1980
"330","TMB-Mod7-2D-AR1","Espawnbio",0.21261289704377,0.00233380585749274,1981
"331","TMB-Mod7-2D-AR1","Espawnbio",0.344238240822782,0.00277939018176093,1982
"332","TMB-Mod7-2D-AR1","Espawnbio",0.477697228573646,0.00341158105943306,1983
"333","TMB-Mod7-2D-AR1","Espawnbio",0.529165078409388,0.00492721460344528,1984
"334","TMB-Mod7-2D-AR1","Espawnbio",0.48177983940973,0.00647315352444571,1985
"335","TMB-Mod7-2D-AR1","Espawnbio",0.440077994491476,0.00718538214418061,1986
"336","TMB-Mod7-2D-AR1","Espawnbio",0.412590375232444,0.00661724041321133,1987
"337","TMB-Mod7-2D-AR1","Espawnbio",0.416315497051157,0.00606567498969128,1988
"338","TMB-Mod7-2D-AR1","Espawnbio",0.431130981966997,0.00475470853978513,1989
"339","TMB-Mod7-2D-AR1","Espawnbio",0.442614622286794,0.00427193947576576,1990
"340","TMB-Mod7-2D-AR1","Espawnbio",0.435426842834622,0.00410861115067737,1991
"341","TMB-Mod7-2D-AR1","Espawnbio",0.394824810299685,0.00339250611713845,1992
"342","TMB-Mod7-2D-AR1","Espawnbio",0.425054195216009,0.00328156495618847,1993
"343","TMB-Mod7-2D-AR1","Espawnbio",0.49821197866007,0.00369954107562034,1994
"344","TMB-Mod7-2D-AR1","Espawnbio",0.414591097897205,0.00329892774985168,1995
"345","TMB-Mod7-2D-AR1","Espawnbio",0.38248426797813,0.00309369935124768,1996
"346","TMB-Mod7-2D-AR1","Espawnbio",0.338934615987974,0.00288953652271318,1997
"347","TMB-Mod7-2D-AR1","Espawnbio",0.262069678790818,0.00286292705818447,1998
"348","TMB-Mod7-2D-AR1","Espawnbio",0.243307789621335,0.00321537000826306,1999
"349","TMB-Mod7-2D-AR1","Espawnbio",0.231723020045666,0.00322496114159959,2000
"350","TMB-Mod7-2D-AR1","Espawnbio",0.217921680818034,0.00330148588751203,2001
"351","TMB-Mod7-2D-AR1","Espawnbio",0.18377319717891,0.00287860209747023,2002
"352","TMB-Mod7-2D-AR1","Espawnbio",0.171186307163142,0.00260581781366553,2003
"353","TMB-Mod7-2D-AR1","Espawnbio",0.187530217367285,0.00199001480512026,2004
"354","TMB-Mod7-2D-AR1","Espawnbio",0.227447331339794,0.0021912499513475,2005
"355","TMB-Mod7-2D-AR1","Espawnbio",0.243599478518232,0.00267787095569265,2006
"356","TMB-Mod7-2D-AR1","Espawnbio",0.215854758048586,0.00276637382961684,2007
"357","TMB-Mod7-2D-AR1","Espawnbio",0.215778884294459,0.00284288312696103,2008
"358","TMB-Mod7-2D-AR1","Espawnbio",0.215008232379012,0.00258590741580804,2009
"359","TMB-Mod7-2D-AR1","Espawnbio",0.297272352195455,0.00233191461849421,2010
"360","TMB-Mod7-2D-AR1","Espawnbio",0.348622767058492,0.00215783002196472,2011
"361","TMB-Mod7-2D-AR1","Espawnbio",0.372875914578369,0.00232370233296822,2012
"362","TMB-Mod7-2D-AR1","Espawnbio",0.403921913224129,0.00293921794874222,2013
"363","TMB-Mod7-2D-AR1","Espawnbio",0.312109877077201,0.00264231201677987,2014
"364","TMB-Mod7-2D-AR1","Espawnbio",0.293050838965116,0.00307042357796407,2015
"365","TMB-Mod7-2D-AR1","Espawnbio",0.312066675009795,0.00248590737093034,2016
"366","TMB-Mod7-2D-AR1","Espawnbio",0.422898054181183,0.00315868303109217,2017
"367","TMB-Mod7-2D-AR1","Espawnbio",0.408796522132825,0.00410646692173427,2018
"368","TMB-Mod7-2D-AR1","Espawnbio",0.325112008053179,0.00442371096148257,2019
"369","TMB-Mod7-2D-AR1","Espawnbio",0.237243181377931,0.0034428004990645,2020
"370","TMB-Mod7-2D-AR1","Espawnbio",0.250416999958736,0.00406261372086885,2021
"371","TMB-Mod7-2D-AR1","Espawnbio",0.243081908396652,0.00393913167902356,2022
"372","TMB-Mod8-3D-AR1cond","Espawnbio",0.125960853398705,6.28862353551897e-05,1970
"373","TMB-Mod8-3D-AR1cond","Espawnbio",0.120719352481034,0.000267226917207917,1971
"374","TMB-Mod8-3D-AR1cond","Espawnbio",0.112105179540972,0.000637457144009392,1972
"375","TMB-Mod8-3D-AR1cond","Espawnbio",0.0969246156282499,0.00160124580193658,1973
"376","TMB-Mod8-3D-AR1cond","Espawnbio",0.0893927702797635,0.00234111148648264,1974
"377","TMB-Mod8-3D-AR1cond","Espawnbio",0.0957128881375379,0.00236647171203248,1975
"378","TMB-Mod8-3D-AR1cond","Espawnbio",0.126053096597072,0.00180820319398506,1976
"379","TMB-Mod8-3D-AR1cond","Espawnbio",0.141945369572939,0.00194656866701894,1977
"380","TMB-Mod8-3D-AR1cond","Espawnbio",0.130704078352797,0.00250678112438703,1978
"381","TMB-Mod8-3D-AR1cond","Espawnbio",0.138576999702093,0.00240207052972805,1979
"382","TMB-Mod8-3D-AR1cond","Espawnbio",0.192617751401089,0.00246212755011969,1980
"383","TMB-Mod8-3D-AR1cond","Espawnbio",0.212602129103254,0.00229755813385068,1981
"384","TMB-Mod8-3D-AR1cond","Espawnbio",0.344437245748767,0.00284249891153752,1982
"385","TMB-Mod8-3D-AR1cond","Espawnbio",0.479142746888864,0.00346423943183843,1983
"386","TMB-Mod8-3D-AR1cond","Espawnbio",0.531511696960967,0.00487854582128792,1984
"387","TMB-Mod8-3D-AR1cond","Espawnbio",0.484572823694658,0.00645542118463599,1985
"388","TMB-Mod8-3D-AR1cond","Espawnbio",0.442907786535575,0.0074631294479858,1986
"389","TMB-Mod8-3D-AR1cond","Espawnbio",0.415306775066963,0.0069610925204044,1987
"390","TMB-Mod8-3D-AR1cond","Espawnbio",0.418835128129063,0.0064901189155685,1988
"391","TMB-Mod8-3D-AR1cond","Espawnbio",0.432653872209627,0.00504071508071726,1989
"392","TMB-Mod8-3D-AR1cond","Espawnbio",0.443378469879263,0.00445669649034275,1990
"393","TMB-Mod8-3D-AR1cond","Espawnbio",0.435115280715579,0.00427516014201159,1991
"394","TMB-Mod8-3D-AR1cond","Espawnbio",0.393283529638124,0.00369828758061168,1992
"395","TMB-Mod8-3D-AR1cond","Espawnbio",0.424323710077831,0.0035349635170788,1993
"396","TMB-Mod8-3D-AR1cond","Espawnbio",0.497992046272287,0.00391002094865888,1994
"397","TMB-Mod8-3D-AR1cond","Espawnbio",0.414330242294403,0.00343191663908901,1995
"398","TMB-Mod8-3D-AR1cond","Espawnbio",0.382244638639335,0.00318337285227261,1996
"399","TMB-Mod8-3D-AR1cond","Espawnbio",0.338781732048465,0.00295724996555301,1997
"400","TMB-Mod8-3D-AR1cond","Espawnbio",0.262072646658819,0.00292116137131328,1998
"401","TMB-Mod8-3D-AR1cond","Espawnbio",0.243136418937603,0.00332552382976799,1999
"402","TMB-Mod8-3D-AR1cond","Espawnbio",0.231082441721118,0.00331191299445222,2000
"403","TMB-Mod8-3D-AR1cond","Espawnbio",0.217545294336149,0.00335193359832494,2001
"404","TMB-Mod8-3D-AR1cond","Espawnbio",0.183943832197859,0.00291486312943136,2002
"405","TMB-Mod8-3D-AR1cond","Espawnbio",0.171843535473529,0.00261411402156864,2003
"406","TMB-Mod8-3D-AR1cond","Espawnbio",0.188424224631779,0.00201079523486524,2004
"407","TMB-Mod8-3D-AR1cond","Espawnbio",0.228491845480453,0.00225700068532655,2005
"408","TMB-Mod8-3D-AR1cond","Espawnbio",0.244595970501217,0.00280230414921065,2006
"409","TMB-Mod8-3D-AR1cond","Espawnbio",0.216620267825419,0.00297886383440681,2007
"410","TMB-Mod8-3D-AR1cond","Espawnbio",0.216209395828696,0.00314588051840212,2008
"411","TMB-Mod8-3D-AR1cond","Espawnbio",0.215026085903499,0.00284260315093531,2009
"412","TMB-Mod8-3D-AR1cond","Espawnbio",0.297160782361729,0.00248933122886703,2010
"413","TMB-Mod8-3D-AR1cond","Espawnbio",0.348775830160207,0.00227087783909311,2011
"414","TMB-Mod8-3D-AR1cond","Espawnbio",0.372942404607062,0.00241846576002712,2012
"415","TMB-Mod8-3D-AR1cond","Espawnbio",0.403357131461172,0.00302459896019885,2013
"416","TMB-Mod8-3D-AR1cond","Espawnbio",0.311106426275012,0.0026442196219923,2014
"417","TMB-Mod8-3D-AR1cond","Espawnbio",0.2910525797258,0.00305259022196048,2015
"418","TMB-Mod8-3D-AR1cond","Espawnbio",0.310788091097062,0.00250469781633206,2016
"419","TMB-Mod8-3D-AR1cond","Espawnbio",0.422534090296383,0.00321432932143163,2017
"420","TMB-Mod8-3D-AR1cond","Espawnbio",0.409301643792998,0.00406929036793458,2018
"421","TMB-Mod8-3D-AR1cond","Espawnbio",0.325964100888957,0.00429562984254998,2019
"422","TMB-Mod8-3D-AR1cond","Espawnbio",0.238575462402872,0.00331641313465288,2020
"423","TMB-Mod8-3D-AR1cond","Espawnbio",0.252994084208047,0.00371874210796949,2021
"424","TMB-Mod8-3D-AR1cond","Espawnbio",0.245814038927086,0.00373813732994535,2022
"425","TMB-Mod9-3D-AR1mar","Espawnbio",0.125849670136482,0.000246210912027582,1970
"426","TMB-Mod9-3D-AR1mar","Espawnbio",0.120155773397889,0.000941593084042999,1971
"427","TMB-Mod9-3D-AR1mar","Espawnbio",0.110837081891119,0.0022955740548055,1972
"428","TMB-Mod9-3D-AR1mar","Espawnbio",0.0942969213757389,0.00557899664557985,1973
"429","TMB-Mod9-3D-AR1mar","Espawnbio",0.0861173570888348,0.00908022588552823,1974
"430","TMB-Mod9-3D-AR1mar","Espawnbio",0.0931010656623039,0.00883128321064386,1975
"431","TMB-Mod9-3D-AR1mar","Espawnbio",0.124502366175905,0.0069079269742968,1976
"432","TMB-Mod9-3D-AR1mar","Espawnbio",0.141060388222185,0.00428594364424562,1977
"433","TMB-Mod9-3D-AR1mar","Espawnbio",0.129844954360154,0.00579769964991268,1978
"434","TMB-Mod9-3D-AR1mar","Espawnbio",0.137851297411104,0.0091680580502923,1979
"435","TMB-Mod9-3D-AR1mar","Espawnbio",0.192180692940511,0.00607494836942122,1980
"436","TMB-Mod9-3D-AR1mar","Espawnbio",0.212226054844618,0.00525250857090147,1981
"437","TMB-Mod9-3D-AR1mar","Espawnbio",0.344008553161228,0.004376653048004,1982
"438","TMB-Mod9-3D-AR1mar","Espawnbio",0.478428003078277,0.0221051375246725,1983
"439","TMB-Mod9-3D-AR1mar","Espawnbio",0.530626320977689,0.0412168145401231,1984
"440","TMB-Mod9-3D-AR1mar","Espawnbio",0.483188994811918,0.0388090578848459,1985
"441","TMB-Mod9-3D-AR1mar","Espawnbio",0.441210967871478,0.023907252937478,1986
"442","TMB-Mod9-3D-AR1mar","Espawnbio",0.413460428844287,0.0175669230252908,1987
"443","TMB-Mod9-3D-AR1mar","Espawnbio",0.417085227695936,0.015233234153608,1988
"444","TMB-Mod9-3D-AR1mar","Espawnbio",0.431540155884765,0.00965247428070488,1989
"445","TMB-Mod9-3D-AR1mar","Espawnbio",0.442824500361889,0.0124819658433546,1990
"446","TMB-Mod9-3D-AR1mar","Espawnbio",0.435390741883167,0.0327175125707372,1991
"447","TMB-Mod9-3D-AR1mar","Espawnbio",0.39426159957203,0.0394170654629769,1992
"448","TMB-Mod9-3D-AR1mar","Espawnbio",0.424589767846431,0.0282553903056181,1993
"449","TMB-Mod9-3D-AR1mar","Espawnbio",0.497991865718194,0.0218119433065162,1994
"450","TMB-Mod9-3D-AR1mar","Espawnbio",0.414314425716945,0.0114293045987387,1995
"451","TMB-Mod9-3D-AR1mar","Espawnbio",0.382223827540609,0.00481053286824666,1996
"452","TMB-Mod9-3D-AR1mar","Espawnbio",0.338778892880407,0.00295443923804307,1997
"453","TMB-Mod9-3D-AR1mar","Espawnbio",0.262062964205906,0.00331569124888068,1998
"454","TMB-Mod9-3D-AR1mar","Espawnbio",0.242988789521549,0.00354463511077829,1999
"455","TMB-Mod9-3D-AR1mar","Espawnbio",0.230941934529339,0.00370295959566359,2000
"456","TMB-Mod9-3D-AR1mar","Espawnbio",0.217161264221356,0.00587768927465453,2001
"457","TMB-Mod9-3D-AR1mar","Espawnbio",0.183297454434189,0.00555432725389953,2002
"458","TMB-Mod9-3D-AR1mar","Espawnbio",0.170868511185098,0.00913194759955746,2003
"459","TMB-Mod9-3D-AR1mar","Espawnbio",0.187535495950295,0.00575019573700044,2004
"460","TMB-Mod9-3D-AR1mar","Espawnbio",0.227672014452536,0.00532186688010096,2005
"461","TMB-Mod9-3D-AR1mar","Espawnbio",0.245165732305843,0.0058093207908338,2006
"462","TMB-Mod9-3D-AR1mar","Espawnbio",0.217993999424483,0.00906529418184538,2007
"463","TMB-Mod9-3D-AR1mar","Espawnbio",0.218043237305286,0.0091050901866999,2008
"464","TMB-Mod9-3D-AR1mar","Espawnbio",0.216871882380722,0.00721175195822262,2009
"465","TMB-Mod9-3D-AR1mar","Espawnbio",0.298664743061214,0.00761868647116647,2010
"466","TMB-Mod9-3D-AR1mar","Espawnbio",0.350085059768005,0.00860288096403573,2011
"467","TMB-Mod9-3D-AR1mar","Espawnbio",0.374415012016852,0.0108159186323409,2012
"468","TMB-Mod9-3D-AR1mar","Espawnbio",0.405177147550704,0.0143640927801805,2013
"469","TMB-Mod9-3D-AR1mar","Espawnbio",0.312720603509232,0.0107227641483161,2014
"470","TMB-Mod9-3D-AR1mar","Espawnbio",0.293158464243644,0.010207337156444,2015
"471","TMB-Mod9-3D-AR1mar","Espawnbio",0.312048874988461,0.00761550342736299,2016
"472","TMB-Mod9-3D-AR1mar","Espawnbio",0.423233815156585,0.00827009453680943,2017
"473","TMB-Mod9-3D-AR1mar","Espawnbio",0.40912754627977,0.00888013885320829,2018
"474","TMB-Mod9-3D-AR1mar","Espawnbio",0.324934776362038,0.00529369102258192,2019
"475","TMB-Mod9-3D-AR1mar","Espawnbio",0.237523208859925,0.0036943900654912,2020
"476","TMB-Mod9-3D-AR1mar","Espawnbio",0.251900804560817,0.00333556673294129,2021
"477","TMB-Mod9-3D-AR1mar","Espawnbio",0.244313665364147,0.00712950886561346,2022
"478","ADMB","Espawnbio",0.12588,0.040074,1970
"479","ADMB","Espawnbio",0.12012,0.039303,1971
"480","ADMB","Espawnbio",0.11081,0.03786,1972
"481","ADMB","Espawnbio",0.094158,0.034971,1973
"482","ADMB","Espawnbio",0.085857,0.028804,1974
"483","ADMB","Espawnbio",0.092676,0.022931,1975
"484","ADMB","Espawnbio",0.12406,0.022221,1976
"485","ADMB","Espawnbio",0.14081,0.025323,1977
"486","ADMB","Espawnbio",0.12976,0.027262,1978
"487","ADMB","Espawnbio",0.13803,0.029629,1979
"488","ADMB","Espawnbio",0.1923,0.038099,1980
"489","ADMB","Espawnbio",0.21203,0.038567,1981
"490","ADMB","Espawnbio",0.34375,0.055798,1982
"491","ADMB","Espawnbio",0.47802,0.073993,1983
"492","ADMB","Espawnbio",0.53029,0.085853,1984
"493","ADMB","Espawnbio",0.48315,0.086726,1985
"494","ADMB","Espawnbio",0.43949,0.08498,1986
"495","ADMB","Espawnbio",0.41189,0.075975,1987
"496","ADMB","Espawnbio",0.41552,0.070582,1988
"497","ADMB","Espawnbio",0.4303,0.06203,1989
"498","ADMB","Espawnbio",0.44161,0.060756,1990
"499","ADMB","Espawnbio",0.43442,0.059868,1991
"500","ADMB","Espawnbio",0.39417,0.052727,1992
"501","ADMB","Espawnbio",0.42484,0.052293,1993
"502","ADMB","Espawnbio",0.49806,0.058764,1994
"503","ADMB","Espawnbio",0.41452,0.049284,1995
"504","ADMB","Espawnbio",0.38231,0.045302,1996
"505","ADMB","Espawnbio",0.33889,0.040858,1997
"506","ADMB","Espawnbio",0.26292,0.033653,1998
"507","ADMB","Espawnbio",0.24442,0.032305,1999
"508","ADMB","Espawnbio",0.23195,0.031587,2000
"509","ADMB","Espawnbio",0.2173,0.031383,2001
"510","ADMB","Espawnbio",0.18309,0.027714,2002
"511","ADMB","Espawnbio",0.16986,0.025127,2003
"512","ADMB","Espawnbio",0.18635,0.023947,2004
"513","ADMB","Espawnbio",0.22618,0.028881,2005
"514","ADMB","Espawnbio",0.24329,0.032731,2006
"515","ADMB","Espawnbio",0.21622,0.031373,2007
"516","ADMB","Espawnbio",0.21636,0.032361,2008
"517","ADMB","Espawnbio",0.21545,0.031117,2009
"518","ADMB","Espawnbio",0.29755,0.038643,2010
"519","ADMB","Espawnbio",0.34913,0.043211,2011
"520","ADMB","Espawnbio",0.37339,0.046401,2012
"521","ADMB","Espawnbio",0.40384,0.052498,2013
"522","ADMB","Espawnbio",0.31146,0.042388,2014
"523","ADMB","Espawnbio",0.2904,0.041809,2015
"524","ADMB","Espawnbio",0.30962,0.037337,2016
"525","ADMB","Espawnbio",0.42084,0.04899,2017
"526","ADMB","Espawnbio",0.4082,0.050974,2018
"527","ADMB","Espawnbio",0.32595,0.045412,2019
"528","ADMB","Espawnbio",0.23809,0.037461,2020
"529","ADMB","Espawnbio",0.25152,0.041051,2021
"530","ADMB","Espawnbio",0.2434,0.040375,2022
